 author,clean_title,created_utc,domain,hasImage,id,image_url,linked_submission_id,num_comments,score,subreddit,title,upvote_ratio,2_way_label,3_way_label,6_way_label
Alexithymia,my walgreens offbrand mucinex was engraved with the letters mucinex but in a different order,1551641244,i.imgur.com,True,awxhir,https://external-preview.redd.it/WylDbZrnbvZdBpgfa3ntxYf17CBHndiJWHylVm2j_nY.jpg?width=320&crop=smart&auto=webp&s=449659a10792de4d55c2f27d2176fdc8bc66e72a,,2.0,12,mildlyinteresting,My Walgreens offbrand Mucinex was engraved with the letters Mucinex but in a different order,0.84,1,0,0
VIDCAs17,this concerned sink with a tiny hat,1534727413,i.redd.it,True,98pbid,https://preview.redd.it/wsfx0gp0f5h11.jpg?width=320&crop=smart&auto=webp&s=6267a3ae11e616453e129c58ae34635b98c4ab37,,2.0,119,pareidolia,This concerned sink with a tiny hat,0.99,0,2,2
prometheus1123,hackers leak emails from uae ambassador to us,1496510798,aljazeera.com,True,6f2cy5,https://external-preview.redd.it/6fNhdbc6K1vFAZX95ed-ZMLDlASqmpixvAxmXqHhfHs.jpg?width=320&crop=smart&auto=webp&s=f263f843e91b7dbea1d1157031f7ea0d555186ed,,1.0,44,neutralnews,Hackers leak emails from UAE ambassador to US,0.92,1,0,0
,puppy taking in the view,1471341090,i.imgur.com,True,4xypkv,https://external-preview.redd.it/HLtVNhTR6wtYtnvL8RKfmZFdKQ7tVz42WCiH3jSGiIk.jpg?width=320&crop=smart&auto=webp&s=2d60c452b15d7d86b46b65e06da9a6e42f10d5df,,26.0,250,photoshopbattles,PsBattle: Puppy taking in the view,0.95,1,0,0
3rikR3ith,i found a face in my sheet music too,1525318218,i.redd.it,True,8gnet9,https://preview.redd.it/ri7ut2wn8kv01.jpg?width=320&crop=smart&auto=webp&s=d44a419480c2073a2f0f3fa5f3701b308271331d,,2.0,13,pareidolia,I found a face in my sheet music too!,0.84,0,2,2
CrimsonBlue90,bride and groom exchange vows after fatal shooting at their wedding,1423681227,independent.ie,True,2vkbtj,https://external-preview.redd.it/FQ-J9OIPFRpqi912TpCYelw2HUtsIiJPJIny94M39kw.jpg?width=320&crop=smart&auto=webp&s=28a3ac355c7ff188f3622a11c488cb8d36e0e488,,7.0,6,nottheonion,Bride and groom exchange vows after fatal shooting at their wedding.,0.64,1,0,0
happenpupe,major thermos,1495659846,i.redd.it,True,6d50rl,https://preview.redd.it/l9gvkkf3jizy.jpg?width=320&crop=smart&auto=webp&s=cdf4f9debb851b8b65f84b8a9845cd2e92504207,,0.0,2,pareidolia,major thermos,0.67,0,2,2
nyswagggggggg,rabbi meat from cloned pig could be kosher for jews to eat with milk,1521729419,timesofisrael.com,True,86byl8,https://external-preview.redd.it/KHisCPOGwz7czuzAA_qJ8N6pVKS_t22ITi37NyvlYLA.jpg?width=320&crop=smart&auto=webp&s=67ce014423294ef03927e8598582bcafb7bc5a75,,577.0,6769,nottheonion,Rabbi: Meat from cloned pig could be kosher for Jews to eat – with milk,0.92,1,0,0
ApiContraption,cutouts,1397145141,,True,cgp0lmq,http://i.imgur.com/vbveIEd%2ejpg,22p8pc,,1,psbattle_artwork,cutouts,,0,2,4
Charr-the-Chair,jesus christ converting local teens to christianity repainted and then circa ad,1534787210,i.redd.it,True,98vrcq,https://preview.redd.it/31aw9wjucah11.jpg?width=320&crop=smart&auto=webp&s=b0b594565b140993d36cc133b9729e694f67c8da,,0.0,5,fakehistoryporn,Jesus Christ converting local teens to Christianity repainted and then colorized (circa 1 AD),0.79,0,2,2
Benja1789,victory the great european crusade vichy france,1557382486,i.redd.it,True,bmg5cj,https://preview.redd.it/wfb26xu6o4x21.jpg?width=320&crop=smart&auto=webp&s=a2b98feca28c87302e4b225268e42c1cfb7c39fb,,1.0,30,propagandaposters,"« Victory, The great european crusade », Vichy France, 1944",0.91,0,1,5
cutiefoodie,english village becomes climate leader by quietly cleaning up its own patch,1472051482,nytimes.com,True,4zd1tb,https://external-preview.redd.it/imU2dcjZOcrlARVLxYrJXcU-ntPl2nSSkjfSDVtnBzY.jpg?width=320&crop=smart&auto=webp&s=caa1bf3e4a95f447fd2f71349c8e94301c894e71,,0.0,4,upliftingnews,English Village Becomes Climate Leader by Quietly Cleaning Up Its Own Patch,0.7,1,0,0
35mmformat,i aint flying over no moon,1423192371,,True,cocpysr,http://i.imgur.com/mieY5EQ.jpg,2uwzls,,5,psbattle_artwork,i ain't flying over no moon,,0,2,4
unenlightenedfool,seven doggly sins sloth,1537025291,i.redd.it,True,9g2b4h,https://preview.redd.it/nnpo51sr7fm11.png?width=320&crop=smart&auto=webp&s=d3d1eed1477c37e230c9ed13f789454d678e82a0,,0.0,8,fakealbumcovers,Seven Doggly Sins - Sloth,0.9,0,2,1
all-top-today_SS,cutest baby cow ive seen in my head all day and just enjoy destiny for what it is,1509141495,i.redd.it,True,796d3z,https://preview.redd.it/mbj3et90gbuz.jpg?width=320&crop=smart&auto=webp&s=5a45ab04a474da6849e0efb88c02f9959b3a1eb2,,21.0,141,subredditsimulator,Cutest baby cow I've seen in my head all day and just enjoy Destiny for what it is,0.99,0,2,3
Nukemarine,asian girl wearing virtual reality goggles holding a very surprised looking cat,1406994959,i.imgur.com,True,2cfi7g,https://external-preview.redd.it/YaUkMGsRbz5quKdPbXQpIaEIvU9kiLo8pqzTLBqmBH4.jpg?width=320&crop=smart&auto=webp&s=0852d2ec484d32460dc172840246450df7df005f,,19.0,137,photoshopbattles,PsBattle: Asian girl wearing virtual reality goggles holding a very surprised looking cat.,0.89,1,0,0
prince_ultimate,the way the rain made a silhouette of my bike,1556744553,i.redd.it,True,bjmfr7,https://preview.redd.it/c9ri4lj3znv21.jpg?width=320&crop=smart&auto=webp&s=912f445a6296e925600621f0e1a20b6f8becdcc2,,5.0,24,mildlyinteresting,The way the rain made a silhouette of my bike,0.87,1,0,0
mmmgreatquestion,how to selfdiagnose yourself with a mental illness in easy steps,1448327926,thenicessist.com,True,3u0our,https://external-preview.redd.it/R1ZNNbaahLXfDHf6ljiiPxcytAvAG1O_d_JtXtVuflg.jpg?width=320&crop=smart&auto=webp&s=49e67199cf7fd5eeb842d7528e21bf1af2386423,,0.0,8,satire,How To Self-Diagnose Yourself With a Mental Illness in 3 Easy Steps,1.0,0,2,1
Crowe410,love and peace the washington way soviet union,1509821772,i.redd.it,True,7asj25,https://preview.redd.it/flr0ugjr90wz.jpg?width=320&crop=smart&auto=webp&s=e7b665203cc39399a61680d6fc10a976c6a6ae94,,141.0,3929,propagandaposters,"""Love and peace the Washington way"" Soviet Union, 1970",0.96,0,1,5
Craigsandrew,a view of london that you can only see from the strangers bar in the palace of westminster,1560977779,i.redd.it,True,c2mktw,https://preview.redd.it/dfhs2vmumd531.jpg?width=320&crop=smart&auto=webp&s=754cf17491e0d66d07c5450fda8bb195e961db8b,,3.0,3,mildlyinteresting,A view of London that you can only see from the Strangers bar in the Palace of Westminster.,0.71,1,0,0
TossTheDog,what goes best with genocide red or white i can never remember,1437672139,,True,ctdk4x3,http://i.imgur.com/kK2hY5C.jpg,3ebf9r,,9,psbattle_artwork,What goes best with genocide red or white? I can never remember,,0,2,4
EvTheSmev,happy boat with some friends,1497827417,imgur.com,True,6i2pbj,https://external-preview.redd.it/W9cIDvlyGnNmr_xAaVkRI9lRUfRS8T5XxccRmoVjXQM.jpg?width=320&crop=smart&auto=webp&s=8d37c5dc22504eff7e305c32bd7b1af2ee2651a0,,0.0,3,pareidolia,Happy boat with some friends,0.81,0,2,2
hazzor,the tree was angry at me for felling it,1395501959,i.imgur.com,True,212vud,https://external-preview.redd.it/-Vs-ItcZczK7dVX-X_xHNCu5hUEziEY7cGyYlVUxj1g.jpg?width=320&crop=smart&auto=webp&s=cc3bd4c4f24d96deae16d79f9acbbd6b561eaaf7,,6.0,60,pareidolia,The tree was angry at me for felling it,0.94,0,2,2
deadpoetic31,governor chris christie reacts to a statement in an interview,1396811856,imgur.com,True,22d477,https://external-preview.redd.it/8O4EGK514WFhIOe2wEWrE0n1I-vZxpCWCUEm7Fu1sGc.jpg?width=320&crop=smart&auto=webp&s=910ef6d83f81355c23e8d14848da276e46a50373,,1.0,4,photoshopbattles,Governor Chris Christie reacts to a statement in an interview,1.0,1,0,0
alllie,applying to join the chinese communist party music video w english subtitles,1361583616,youtube.com,True,1922a5,https://external-preview.redd.it/mMcZkhDXeP71lD_Qxm5VjMSOxuO-GkJDCkX8N1gdDIc.jpg?width=320&crop=smart&auto=webp&s=dd7189a6fc9984303097c0236944022e1f446b87,,0.0,17,propagandaposters,Applying to join the Chinese Communist Party - music video (w/ English subtitles) ,0.85,0,1,5
Djs2013,my dads neighbor used to own ambulance company he is moving so we got to see this,1535862861,imgur.com,True,9c9j6v,https://external-preview.redd.it/nPruIA_ckqb0isw9fkACLYP3XX0hMgIGF0S-7ZjOmaA.jpg?width=320&crop=smart&auto=webp&s=d2dc78595a48d57e974a01aec1718ab3c20f51ef,,1.0,68,mildlyinteresting,My dad's neighbor used to own ambulance company. He is moving so we got to see this.,0.94,1,0,0
Swede_,are you not entertained,1347985960,,True,c69yqn0,http://i.imgur.com/0sF68.jpg,102mue,,121,psbattle_artwork,ARE YOU NOT ENTERTAINED?!,,0,2,4
Himinow,creepy guy with creepy hair staring creepily,1356610542,i.imgur.com,True,15ilmc,https://external-preview.redd.it/xlFSygp-2GGBEYotiPpXA5dXT9jCGY46xh8SDmPTcWU.jpg?width=320&crop=smart&auto=webp&s=960f7f07eb35e467d82918e4c21a7b014b6d051c,,4.0,2,photoshopbattles,"Creepy guy with creepy hair staring, creepily.",0.58,1,0,0
mario61752,rain made this iron slab wall a beautiful red,1553983074,i.redd.it,True,b7gj1e,https://preview.redd.it/dpo9t9hzvbp21.jpg?width=320&crop=smart&auto=webp&s=780345d23e207aef0be5ab8e3b49244910ebf7ea,,3.0,27,mildlyinteresting,Rain made this iron slab wall a beautiful red,0.87,1,0,0
kremenatlc,president making a point in the parliament,1461970793,i.imgur.com,True,4h209r,https://external-preview.redd.it/TH9gHyDMw0vTRDU0C4Il6hiypwWTT5I7frNOrDLmKck.jpg?width=320&crop=smart&auto=webp&s=cff210e98f1204ff2945c2728aacdac704a6c934,,4.0,2,photoshopbattles,PsBattle: President making a point in the parliament,0.75,1,0,0
thwartted,stewie,1361040076,,True,c8ga79q,http://i.imgur.com/YR4tDlU.jpg,18myiz,,16,psbattle_artwork,"""stewie""",,0,2,4
sexyrichbigpenis,destiny finally comes to pc on steam but theres a big catch,1502801047,archive.is,True,6ttusb,https://external-preview.redd.it/XaO1ij28KxK6ENUZtnpKVnOr86uT8XXG5HUxczzfbaQ.jpg?width=320&crop=smart&auto=webp&s=de9b4ee3c88d14519a3aa0d624d20d84cf8e2a44,,89.0,2644,savedyouaclick,"Destiny FINALLY comes to PC on Steam - But there's a BIG catch | it doesn't even say, but it's not.",0.93,0,2,5
ray_fenz,piglets on the loose after truck overturns,1433821214,fox19.com,True,3948of,https://external-preview.redd.it/nCGSX-BRato-K45TDiaRy0RjANj5xQcpsugG4abODjU.jpg?width=320&crop=smart&auto=webp&s=f5140fbe0dd862366e81d4022bdb81f285b3b68f,,3.0,4,nottheonion,"2,200 piglets on the loose after truck overturns",0.63,1,0,0
Goodgardo,quick and obvious,1399402524,,True,chb5foi,http://i.imgur.com/RBcrhqf.jpg,24vhaz,,9,psbattle_artwork,Quick and Obvious,,0,2,4
RostovRipper69,happy fella in my penske rental,1536758519,i.redd.it,True,9f7p90,https://preview.redd.it/ammac72k6tl11.jpg?width=320&crop=smart&auto=webp&s=844f4b13fc5af462564a8ae2f00febff24b69ca5,,1.0,12,pareidolia,Happy fella in my Penske rental!,0.85,0,2,2
Trustgwk,oo,1525053247,i.redd.it,True,8fw3po,https://preview.redd.it/8z33wgnqcyu01.jpg?width=320&crop=smart&auto=webp&s=74eb98328863a97b4fca054836a51ccdfa6c6e64,,0.0,6,pareidolia,o_o,0.87,0,2,2
dangusted,this playable cd in the shape of a square,1551250503,i.redd.it,True,avafi5,https://preview.redd.it/5lddt3c142j21.jpg?width=320&crop=smart&auto=webp&s=4760c84252c012a0a940b81cac78bf5f05864b35,,26.0,280,mildlyinteresting,This playable CD in the shape of a square.,0.97,1,0,0
milvus,a sun bear sitting down x,1405517559,i.imgur.com,True,2auudp,https://external-preview.redd.it/L3-AUe61vd4T4qv7A-GUNLFi6PIptGDrKIaiioMr-Fk.jpg?width=320&crop=smart&auto=webp&s=fcd315125474cd8ddf82ae4b9a823920e7cb5786,,44.0,268,photoshopbattles,A Sun Bear sitting down (2770 x 4170),0.96,1,0,0
IDontremembermyLogN,not sure how i feel about this,1537974212,i.redd.it,True,9j3a9w,https://preview.redd.it/zzgjxinfllo11.jpg?width=320&crop=smart&auto=webp&s=c7f277d2bde32b9ed4b60dfb18331f6de1682576,,2.0,28,mildlyinteresting,Not sure how I feel about this.,0.88,1,0,0
Wolfey1618,fine sushi,1434138722,i.imgur.com,True,39mh2p,https://external-preview.redd.it/RTwZb8g2TJqRktToEemMU8Wx1WfLTstR8itmlADUUlI.jpg?width=320&crop=smart&auto=webp&s=e118059e9bf8120535943bb1b40cc151cde618ed,,12.0,101,misleadingthumbnails,Fine sushi,0.74,0,2,2
HOIST_IT,this car has a door bolt,1557080292,i.redd.it,True,bl11vl,https://preview.redd.it/n84qrpekpfw21.jpg?width=320&crop=smart&auto=webp&s=b3f187329afecfbe11bbef1eb85d4a8030daa78a,,5.0,18,mildlyinteresting,This car has a door bolt,0.81,1,0,0
proflip23,the shadow,1354340584,i.imgur.com,True,143c94,https://external-preview.redd.it/ORNDiieV-GDHgfuNWoL-umEvbTgAkcEFe9RyqdW0Bes.jpg?width=320&crop=smart&auto=webp&s=db3c79323cf5be11dac20e313f672ebbbf6e3f21,,0.0,11,pic,The shadow,0.79,1,0,0
Asteralium,we cut down an old and hollow tree at my grandmas recently imgur album,1566870169,imgur.com,True,cvxlbs,,,0.0,4,mildlyinteresting,We cut down an old and hollow tree at my grandmas recently. (Imgur Album),0.83,1,0,0
Spudsnaz,el chapo escapes altiplano prison th,1490648731,i.redd.it,True,61uy4u,https://preview.redd.it/0fyotexbm0oy.jpg?width=320&crop=smart&auto=webp&s=e73e2e9d3d10e51007c3f801f52e3dfda1316601,,0.0,39,fakehistoryporn,"El Chapo escapes Altiplano Prison (July 11th, 2015)",0.99,0,2,2
User348844,this lighting desk has oops and please keys,1564047509,i.redd.it,True,chli5s,https://preview.redd.it/6jo5wqsf6fc31.jpg?width=320&crop=smart&auto=webp&s=10bf65ed86d0721da2e2b30be6db5e57044f93c4,,51.0,469,mildlyinteresting,This lighting desk has Oops and Please keys.,0.97,1,0,0
ForeignCranberry6,bunny rock,1565725429,i.redd.it,True,cpy9p6,https://preview.redd.it/1j2wcot1s9g31.jpg?width=320&crop=smart&auto=webp&s=6814e8f1bc95d5f4b7e311b9afd06ef95fae8674,,0.0,9,pareidolia,Bunny rock!,1.0,0,2,2
ledtosea,excited ashtray,1356348668,imgur.com,True,15dcu6,https://external-preview.redd.it/1daZtV0ksvhc9lrvKWzNUDB_JBKWBwNeOrbfAgD6noY.jpg?width=320&crop=smart&auto=webp&s=cdea5051b080d5bb3248c7560b90289f341b7c69,,0.0,4,pareidolia,Excited ashtray,0.75,0,2,2
PyroSlam,this image of spike lee and sam jackson at the oscars,1551092356,i.redd.it,True,auk0vy,https://preview.redd.it/bo34qsze4pi21.jpg?width=320&crop=smart&auto=webp&s=0ccd098e885392ea9fadc17a7266478142a6cbbb,,7.0,27,photoshopbattles,PsBattle: This image of Spike Lee and Sam Jackson at the Oscars,0.79,1,0,0
WizardOfOdd5658,this is what it looks like behind the dome screen of an omnimax museum theatre,1560985683,i.redd.it,True,c2o619,https://preview.redd.it/c237d1icae531.jpg?width=320&crop=smart&auto=webp&s=a12de7cc951575bba148af30c4c1e2e5c9943abe,,3.0,9,mildlyinteresting,This is what it looks like behind the dome screen of an OMNIMAX museum theatre,0.86,1,0,0
graaahh,report reveals jesus christ have benefited from fathers influential position to gain highpowered role as lord and savior,1554753711,theonion.com,True,baydyy,https://external-preview.redd.it/McvdbScdiL3hway1gndWLSEPEKWlQeYUpElxiGsPGwg.jpg?width=320&crop=smart&auto=webp&s=276de04e0c41740787c034e08780b7b104d4a116,,4.0,63,theonion,Report Reveals Jesus Christ May Have Benefited From Father’s Influential Position To Gain High-Powered Role As Lord And Savior,0.95,0,2,1
jas_withell,barack obama dancing with ellen degeneres,1395271742,i.imgur.com,True,20uup4,https://external-preview.redd.it/ke9abObcgRSUQlykuPGl52E3NOTMn6GLDkI2Iuxj1MA.jpg?width=320&crop=smart&auto=webp&s=26e5ad6f529a31ed38dd34919967f06b205abdce,,1.0,2,photoshopbattles,Barack Obama Dancing with Ellen DeGeneres,1.0,1,0,0
MizukiYumeko,quit horsing around,1393872075,,True,cftdth3,http://i.imgur.com/VOk9rtM.jpg,1zffrh,,15,psbattle_artwork,Quit horsing around!,,0,2,4
kybalion7,comfort cases former foster child helps other kids in foster care,1491458203,people.com,True,63r5xj,https://external-preview.redd.it/YSFtuflL8S7cJCf_fuYcpWoE8Wqs8Z5u1zzwW-6Cp_Q.jpg?width=320&crop=smart&auto=webp&s=47772032f48c6bc8e8681a588cc9046b2ad45cea,,0.0,24,upliftingnews,Comfort Cases: Former Foster Child Helps Other Kids in Foster Care,0.88,1,0,0
ApiContraption,other discussions,1410108467,,True,ckbnyyo,http://i.imgur.com/1ZFxwSj%2ejpg,2fq9gn,,1,psbattle_artwork,^Other ^Discussions,,0,2,4
PSBBot,available here,1560545894,,True,er6eggt,https://i.imgur.com/1magdro.jpg,c0p7fq,,0,psbattle_artwork,available here,,0,2,4
Avrata27,this leaf in the shape of an upvotedownvote,1560608711,i.redd.it,True,c0xtrn,https://preview.redd.it/q3kyrhxe5j431.jpg?width=320&crop=smart&auto=webp&s=3529dc31e753c462ae912aaab7c79ca5835c4ed6,,3.0,22,mildlyinteresting,This leaf in the shape of an upvote/downvote,0.69,1,0,0
Yogadork,a tattoo artist is covering up the scars of people who have overcome self harm for free,1457417083,9news.com.au,True,49h4rm,https://external-preview.redd.it/uL2aSqaRiHFO8Vfq8Jt01LFTGmin5IjSHmzRnCJSEqA.jpg?width=320&crop=smart&auto=webp&s=d9aa7a9596acc2270edfb4fca00be12bda25560c,,6.0,81,upliftingnews,A Tattoo Artist Is Covering Up The Scars Of People Who Have Overcome Self Harm For Free,0.88,1,0,0
Cephery,this little guy stuck in the snow,1512894340,i.redd.it,True,7isuvk,https://preview.redd.it/ys706kr222301.jpg?width=320&crop=smart&auto=webp&s=80dbcd8d8ec32bd6d32c908aeaad11cffde494cd,,0.0,4,pareidolia,This little guy stuck in the snow,1.0,0,2,2
howImetyoursquirrel,a wedding to bark about,1391374008,,True,cf5c7r5,http://i.imgur.com/zotbFtV.jpg,1wsnvs,,3,psbattle_artwork,A Wedding to Bark About,,0,2,4
jeffyt,looter land,1417102948,,True,cmeidmd,http://i.imgur.com/AekOEWk.jpg,2nk313,,112,psbattle_artwork,Looter Land!,,0,2,4
JDN3,your cable company would hate us if it knew we told you about this device on amazon,1507830505,web.archive.org,True,75yogr,https://external-preview.redd.it/K5-AHh-n3_WWXth0F9SQ8aC7iifRZR83x1447P9Kwys.jpg?width=320&crop=smart&auto=webp&s=3db6108f2ce488c00f39d7d14bd082caa31cf481,,81.0,3280,savedyouaclick,Your cable company would hate us if it knew we told you about this $40 device on Amazon | It's just a cable modem,0.95,0,2,5
asmall_boys_trowsers,theres only one girl in this picture for me,1371192487,,True,cainsb0,http://i.imgur.com/gsaRL6x.jpg,1galrg,,74,psbattle_artwork,There's only one girl in this picture for me,,0,2,4
port-girl,the difference the light makes on these tiles,1540415083,i.redd.it,True,9r3pbe,https://preview.redd.it/jmqqb1vd77u11.jpg?width=320&crop=smart&auto=webp&s=a37eaab95cab8e10c99394be76815e6aef526c1a,,4.0,13,mildlyinteresting,The difference the light makes on these tiles.,0.75,1,0,0
Wicked_Pissah_Khed,a fish in the new england aquarium,1481415064,i.imgur.com,True,5hn94m,https://external-preview.redd.it/O3ZjIRAGDsoQ1RyxxxcOfvJSeM3bJgb57SdjPAt7cho.jpg?width=320&crop=smart&auto=webp&s=553c854e6d59f64c7024bc4f11601f979dbeaf96,,3.0,14,photoshopbattles,PsBattle: A fish in the New England Aquarium,0.9,1,0,0
divinesleeper,he cant do it alone proempire long long ago date unknown,1469875157,bensbargains.com,True,4vblj5,https://external-preview.redd.it/5n-2u3n-uCbADe6Zmh0bNsNynipPb_aroXvZhJW6Oe4.jpg?width=320&crop=smart&auto=webp&s=d30bcaec0e8f709cf0a14e0244229149b12da40b,,36.0,956,propagandaposters,"He can't do it alone [Pro-Empire] [Long, long ago] (date unknown)",0.93,0,1,5
RyanSmith,the flying tigers of the free world strike again korean warera leaflet,1490108145,heartlandofamericaband.af.mil,True,60o1d9,https://external-preview.redd.it/M7z81j5BzeeZ725YwR257zbI8kM6f7rG0sURFhNDUzA.jpg?width=320&crop=smart&auto=webp&s=52ca7c53b6abe8e9eccf2d0099a660b57479de9a,,6.0,346,propagandaposters,“The Flying Tigers of the Free World Strike Again!” - Korean War-era propaganda leaflet,0.97,0,1,5
Great_Zarquon,im not entirely sure where i was going with this,1392064536,,True,cfby7hv,http://i.imgur.com/dVHPYJA.jpg,1xioqr,,28,psbattle_artwork,I'm not entirely sure where I was going with this.,,0,2,4
heavyRfoot,imgur,1374090962,,True,cb4phn0,http://i.imgur.com/rsCgT57.jpg,1ihqvm,,13,psbattle_artwork,Imgur,,0,2,4
AlienPet13,scooty puff jr,1510272068,,True,dplirxv,https://i.imgur.com/fbFViu3.jpg,7bwi6i,,4,psbattle_artwork,Scooty Puff Jr.,,0,2,4
wasabi-on-the-loose,mini wireless keyboard lighter for scale,1551632578,i.redd.it,True,awvwhf,https://preview.redd.it/r5uigwwqqxj21.jpg?width=320&crop=smart&auto=webp&s=c82fd7be7ca422d432f322931abc44bf105e51fd,,8.0,18,mildlyinteresting,Mini wireless keyboard -lighter for scale,0.82,1,0,0
Emasraw,the future of paris,1333312282,i.imgur.com,True,rofsr,https://external-preview.redd.it/N1emxsrxOn_Z4q6Q16zQMpvSkZTIhgvmc_gVOQI8LJU.jpg?width=320&crop=smart&auto=webp&s=c98b10461f72e3ca408789465fc9e69f8e46d93c,,1.0,10,pic,The Future of Paris,0.86,1,0,0
supreeth60,rules of an immoral park,1560399042,i.redd.it,True,c015wz,https://preview.redd.it/r0fp0dfyt1431.jpg?width=320&crop=smart&auto=webp&s=8077980fb54432084978131f43d769c27cdf1bf5,,0.0,14,mildlyinteresting,Rules of an Immoral Park,0.84,1,0,0
coolcrosby,cop brought to tears by mans request after traffic stop,1469643617,usatoday.com,True,4uw2sy,https://external-preview.redd.it/kbMWkST_Bxhd65PwnI3ntHhv9SKhnqONUTkFCaEU1WA.jpg?width=320&crop=smart&auto=webp&s=9a56984d476a05c68111e03f4f5c4d1419c39b61,,10.0,19,upliftingnews,Cop brought to tears by man's request after traffic stop,0.76,1,0,0
Alexrain2016,i want ice cream,1457034361,,True,d0mecva,http://i.imgur.com/pYZKH0q.jpg,48ro0t,,2,psbattle_artwork,I want ice cream!,,0,2,4
GizmosArrow,whats worse than lobsters on your piano crabs on your organ,1399495936,,True,chc5a23,http://i.imgur.com/NhXYBc2.jpg,24u3ie,,27,psbattle_artwork,What's worse than lobsters on your piano? Crabs on your organ!,,0,2,4
oofbloxs,how do you get such a perfect photo,1550866756,i.redd.it,True,atmab5,https://preview.redd.it/6lu1rkalh6i21.jpg?width=320&crop=smart&auto=webp&s=fb62f6d60cafb20e423c0c7e4dab40009204aaba,,135.0,15918,confusing_perspective,How do you get such a perfect photo?,0.94,0,2,2
,enjoying the view,1416522432,,True,cm8dvj7,http://i.imgur.com/La0b55T.jpg,2mwnnc,,-7,psbattle_artwork,Enjoying the view,,0,2,4
ChaposWorstNightmare,king kong vs godzilla,1560028413,i.redd.it,True,bycndo,https://preview.redd.it/h88sk5dv77331.jpg?width=320&crop=smart&auto=webp&s=7981ff64ae85f90e20aed11c9a2577d34918ea8b,,1.0,49,fakehistoryporn,King Kong vs. Godzilla (1962),0.89,0,2,2
Cmatthewman,meal deal,1483973302,,True,dc75clc,http://i.imgur.com/kEsCoeg.jpg,5mxn1r,,8,psbattle_artwork,Meal Deal,,0,2,4
LethalSquirt,duckline bling,1456558379,,True,d0fls8g,http://i.imgur.com/8Ujte6Z.jpg,47qg02,,3,psbattle_artwork,Duckline Bling,,0,2,4
lajl,kim derpun,1463092214,,True,d33aq3y,http://i.imgur.com/5C9XXsI.jpg,4j0nds,,2,psbattle_artwork,Kim Derp-Un,,0,2,4
donovan_mcnoob,nice human,1530719101,,True,e1s6ins,https://i.imgur.com/jDbUQVq.jpg,8w191p,,2,psbattle_artwork,Nice Human,,0,2,4
Checkheck,what does this creature want from me heat me up with some good music,1418039405,i.imgur.com,True,2on0u9,https://external-preview.redd.it/uVD9S-9Q3FPTWe5inEnbrCGOeI7Z64KSAQzLGI6Kx9o.jpg?width=320&crop=smart&auto=webp&s=baab74bddfa0e1aa49e8a34b6068a5d18abe0606,,0.0,8,pareidolia,What does this creature want from me? Heat me up with some good music?,0.71,0,2,2
TOPYankee,the notes on a conditional form,1555302398,i.redd.it,True,bdby0z,https://preview.redd.it/kt7xia61vcs21.png?width=320&crop=smart&auto=webp&s=402a8ffd8e682f9501384ec7eb8177c445bc9dbe,,1.0,12,fakealbumcovers,The 1975 - Notes On A Conditional Form,0.89,0,2,1
,this trophy for best corn,1528993179,i.redd.it,True,8r35ct,https://preview.redd.it/g9euw7go5z311.jpg?width=320&crop=smart&auto=webp&s=03023df812c2f157504808136b48ee64449e6124,,2.0,7,photoshopbattles,PsBattle: This trophy for Best Corn,0.89,1,0,0
somevice,the reinforcement on these identical pieces of duplo lego,1561900901,i.redd.it,True,c7dobn,https://preview.redd.it/lok4ry74vh731.jpg?width=320&crop=smart&auto=webp&s=96854029ae9214fee6234a8b453f99c616e69996,,3.0,28,mildlyinteresting,"The reinforcement on these ""identical"" pieces of duplo lego",0.86,1,0,0
SoDakZak,at halftime of sdsus basketball game they auction off a pig,1565991936,i.redd.it,True,crczvy,https://preview.redd.it/rjdazaaisvg31.jpg?width=320&crop=smart&auto=webp&s=3048c092ea638d06a3cede79d6c2398f6e8fd445,,11.0,18,mildlyinteresting,At halftime of SDSU’s basketball game they auction off a pig,0.85,1,0,0
wiki-1000,revolution syria,1560059010,i.redd.it,True,byh5dw,https://preview.redd.it/erxaajorq9331.jpg?width=320&crop=smart&auto=webp&s=5bfb9727b3f87b45f6b7609dd5f1a90165bb34f2,,11.0,172,propagandaposters,"""Revolution Syria"", March 2011",0.94,0,1,5
jburna_dnm,this spider on my back porch disguises itself as a stick to fool prey,1536782547,i.redd.it,True,9fb69a,https://preview.redd.it/gywz6b806vl11.jpg?width=320&crop=smart&auto=webp&s=7326f4e18a765a6518bac96a32083824dd5f7c98,,230.0,5233,mildlyinteresting,This spider on my back porch disguises itself as a stick to fool prey,0.97,1,0,0
akirakingsley,in just over two years the copper in my iems has turned green new pair to the right for comparison,1557234216,i.redd.it,True,blqg9q,https://preview.redd.it/kbyg5emafsw21.jpg?width=320&crop=smart&auto=webp&s=cc7a916bddea0ed4fa14da524a58bb3d427de667,,8.0,12,mildlyinteresting,"In just over two years, the copper in my IEMs has turned green. New pair to the right for comparison.",0.76,1,0,0
lilimoonmeplz,the way this mosquitorepellant spiral burned,1566969368,imgur.com,True,cwgb6w,https://external-preview.redd.it/HaBubFTx9sSW8I7pwfnNqyKAXAP41slnKRLVKqA8Few.jpg?width=320&crop=smart&auto=webp&s=92294c6dffb0da258d6e6253539249c4a91504ad,,4.0,15,mildlyinteresting,The way this mosquito-repellant spiral burned,0.94,1,0,0
BrotherSeamus,you are about to embark upon the great crusade toward which we have striven these many months,1406678361,,True,cjbioio,http://i.imgur.com/zYbVLrf.jpg,2bxggm,,13,psbattle_artwork,"You are about to embark upon the Great Crusade, toward which we have striven these many months. ",,0,2,4
Unnecessary_PC_Bot,skiing man,1430500087,,True,cqv6i8o,http://i.imgur.com/ssrbQjA.jpg,34iliw,,157,psbattle_artwork,Skiing Man.,,0,2,4
everyonehasfaces,they live,1405348070,,True,cix1u0q,http://i.imgur.com/EBwxxz0.jpg,2anx2x,,4,psbattle_artwork,They live,,0,2,4
AwesomeManatee,earthquake,1433914699,,True,cs1i5xh,http://i.imgur.com/pGbRGV1.jpg,398up7,,2,psbattle_artwork,Earthquake!,,0,2,4
Big-Nicks,ronald reagan getting shot at a attempted murder cira,1556766771,i.redd.it,True,bjq753,https://preview.redd.it/dmeid81dtpv21.jpg?width=320&crop=smart&auto=webp&s=8ad4c0fb81a9981e0d55b00740370c764ed6b28c,,0.0,49,fakehistoryporn,Ronald Reagan Getting Shot at a Attempted Murder (cira 1986),1.0,0,2,2
Apex2nying,a dying bee in a park on a grilled onion,1562625004,i.redd.it,True,cas051,https://preview.redd.it/prwdhlawo5931.jpg?width=320&crop=smart&auto=webp&s=643fcb0941373a8a945f4de96b74dee4aafbc4b4,,1.0,1,mildlyinteresting,A dying Bee in a park on a grilled onion?,0.55,1,0,0
UnbridledHedonism,rc car controller cannot unsee,1325545637,i.imgur.com,True,o0bwb,https://external-preview.redd.it/edVWKRM69-gu1uparPKrqy3xX9CZ66ud-n0JMLxghbY.jpg?width=320&crop=smart&auto=webp&s=f39ffdcffd4e0a451279b6803e1bcc6625e1b98c,,1.0,33,pareidolia,RC car controller cannot unsee.,0.84,0,2,2
Shappie,this otter going down a slide,1420004995,,True,cna3nyo,https://i.imgur.com/GHgkbWz.jpg,2qg0lx,,4,psbattle_artwork,This otter going down a slide,,0,2,4
Omarsripandrun,reports pregnant popeyes manager fired after refusing to pay for armed robbery,1429731387,chron.com,True,33idfz,https://external-preview.redd.it/8fwnqMJaN264uGprheE38D9kt-OVwHS227xJDIIHRl8.jpg?width=320&crop=smart&auto=webp&s=b05122ab08ca088960a027f7fff5c897a1217470,,0.0,3,nottheonion,Reports: Pregnant Popeyes manager fired after refusing to pay for armed robbery,0.62,1,0,0
